1a2y_C	1a2y_C
1a2y_C	1bql_Y
1a2y_C	1bvk_C
1a2y_C	1fbi_X
1a2y_C	1jhl_A
1a2y_C	1nby_C
1a2y_C	1nbz_C
1a2y_C	1ndg_C
1a2y_C	4ttd_A
1a2y_C	5vjo_E
1a2y_C	6p4a_C
1a2y_C	6p4b_C
1a2y_C	1dzb_X
1a2y_C	4tsa_A
1a2y_C	5vjo_F
1a2y_C	5vjq_L
1a2y_C	5vjq_K
1bgx_T	1bgx_T
1e6j_P	1e6j_P
1egj_A	1egj_A
1ezv_E	1ezv_E
1fj1_E	1fj1_E
1fj1_E	1rjl_C
1fns_A	1fns_A
1fns_A	1oak_A
1fsk_A	1fsk_A
1h0d_C	1h0d_C
1iqd_C	1iqd_C
1iqd_C	4ki5_M
1jrh_I	1jrh_I
1kb5_A	1kb5_A
1kb5_B	1kb5_B
1lk3_A	1lk3_A
1mhp_B	1mhp_B
1mhp_B	1mhp_A
1mhp_B	2b2x_A
1mhp_B	2b2x_B
1nca_N	1nca_N
1nca_N	1a14_N
1nca_N	1ncb_N
1nca_N	1ncc_N
1nca_N	1ncd_N
1nca_N	1nma_N
1nca_N	1nmb_N
1nca_N	6lxj_A
1nca_N	6pze_A
1nca_N	6pzf_B
1nfd_B	1nfd_B
1nsn_S	1nsn_S
1oaz_A	1oaz_A
1ob1_F	1ob1_F
1ob1_F	1ob1_C
1ob1_F	6xqw_E
1ors_C	1ors_C
1ots_A	1ots_A
1ots_A	1ots_B
1ots_A	1ott_A
1ots_A	1ott_B
1ots_A	3det_A
1ots_A	3det_B
1ots_A	3ejz_A
1ots_A	3ejz_B
1ots_A	4ene_B
1ots_A	4kk8_A
1ots_A	4kk8_B
1ots_A	4kk9_A
1ots_A	4lou_A
1ots_A	6ad7_A
1ots_A	6ad7_B
1ots_A	6adb_A
1ots_A	6adb_B
1ots_A	7cvt_A
1pkq_E	1pkq_E
1pkq_E	1pkq_J
1sy6_A	1sy6_A
1sy6_A	1xiw_A
1sy6_A	1xiw_E
1uj3_C	1uj3_C
1uj3_C	1ahw_C
1uj3_C	1jps_T
1uj3_C	5w06_T
1v7m_V	1v7m_V
1wej_F	1wej_F
1xf5_L	1xf5_L
1xf5_L	1hez_E
1xf5_L	1mhh_E
1xf5_L	1mhh_F
1xf5_L	1xf5_M
1xf5_L	1ymh_E
1xf5_L	4hjg_E
1xf5_L	4hkz_E
1xiw_B	1xiw_B
1xiw_B	1xiw_F
1yjd_C	1yjd_C
1yy9_A	1yy9_A
1yy9_A	3b2u_A
1yy9_A	3b2u_B
1yy9_A	3b2u_I
1yy9_A	3p0y_A
1yy9_A	4krp_A
1yy9_A	4uv7_A
1yy9_A	5sx4_M
1yy9_A	5sx4_N
1yy9_A	5sx5_M
1yy9_A	5sx5_N
1yy9_A	5xwd_A
1yy9_A	6b3s_A
1yy9_A	6b3s_B
2adf_A	2adf_A
2adf_A	1fe8_C
2adf_A	1fe8_A
2aep_A	2aep_A
2aep_A	6n6b_A
2aep_A	6q20_A
2arj_R	2arj_R
2arj_R	2arj_Q
2bdn_A	2bdn_A
2bdn_A	4dn4_M
6pe8_U	6pe8_U
6pe8_U	6fax_R
6pe8_U	6pe8_T
6phb_I	6phb_I
6phb_I	6azz_A
6phb_I	6azz_D
6phb_I	6b08_A
6phb_I	6b0a_A
6phb_I	6b0g_E
6phb_I	6b0h_I
6phb_I	6b0h_J
6phb_I	6phb_E
6phb_I	6phc_I
6phb_I	6phc_E
6pi7_A	6pi7_A
6pi7_A	6pi7_D
6pxh_B	6pxh_B
6pxh_B	6j11_A
6pxh_B	6pxh_A
6qb6_A	6qb6_A
6qb6_A	5mes_A
6qb6_A	6qb3_A
6qig_A	6qig_A
6rlo_J	6rlo_J
6rlo_J	6rlo_I
6rps_A	6rps_A
6s3d_M	6s3d_M
6s3d_M	6s3d_N
6s5a_A	6s5a_A
6s5a_A	2j6e_A
6s5a_A	2j6e_B
6s5a_A	5xmh_A
6s5a_A	5xmh_B
6s5a_A	6s5a_D
6svl_J	6svl_J
6svl_J	6svl_C
6svl_J	6svl_F
6svl_J	6svl_N
6svl_J	6svl_Q
6svl_J	6svl_R
6tyb_G	6tyb_G
6u2f_A	6u2f_A
6u2f_A	2xtj_A
6u2f_A	2xtj_P
6u2f_A	5vlp_A
6u2f_A	6u3i_A
6u2f_A	3sqo_A
6u2f_A	5oca_B
6u2f_A	3h42_B
6u2f_A	6u36_B
6u2f_A	6u38_B
6u6u_R	6u6u_R
6u9s_C	6u9s_C
6u9s_C	5dfv_A
6u9s_C	5dfv_B
6u9s_C	6u9s_F
6u9s_C	5dfw_A
6u9s_C	6ejg_A
6u9s_C	6ejm_A
6u9s_C	6ejm_B
6uj9_A	6uj9_A
6uj9_A	1w72_A
6uj9_A	3cvh_A
6uj9_A	3gjf_A
6uj9_A	6id4_A
6uj9_A	6id4_E
6umg_C	6umg_C
6umg_C	6umg_c
6umg_R	6umg_R
6umx_A	6umx_A
6umx_A	6umx_B
6umx_A	5f3b_C
6umx_A	5f3b_D
6umx_A	5f3h_I
6umx_A	5f3h_K
6vep_Q	6vep_Q
6vep_Q	6vep_E
6vep_Q	6vep_K
6vep_Q	6vep_W
6vep_Q	7kd6_E
6vep_Q	7kd6_K
6vep_Q	7kd6_Q
6vep_Q	7kd6_W
6vgr_A	6vgr_A
6vtw_A	6vtw_A
6vvu_B	6vvu_B
6vvu_B	6o1f_A
6vvu_B	6vvu_D
6w7s_A	6w7s_A
6w7s_A	6wh9_G
6w7s_A	6wh9_D
6w7s_A	6wh9_A
6wgl_C	6wgl_C
3kr3_D	3kr3_D
3ks0_A	3ks0_A
3l5w_I	3l5w_I
3l5w_I	3l5x_A
3l5w_I	4i77_Z
3l5w_I	5l6y_C
3l5w_I	3l5w_J
3l5w_I	4ps4_A
3ld8_A	3ld8_A
3lev_A	3lev_A
3lh2_V	3lh2_V
3lh2_V	3lh2_S
3lh2_V	3lh2_T
3lhp_S	3lhp_S
3lhp_S	3lhp_T
3mj9_A	3mj9_A
3mxw_A	3mxw_A
3nh7_A	3nh7_A
3nid_D	3nid_D
3nid_D	3nif_D
3nid_D	3zdx_D
3nid_D	3zdx_B
3nid_D	3ze2_D
3nig_A	3nig_A
3nig_A	2vdk_A
3nig_A	3nid_A
3nig_A	3nid_C
3nig_A	3zdz_A
3o0r_B	3o0r_B
3o0r_C	3o0r_C
3o2d_A	3o2d_A
3pnw_O	3pnw_O
3pnw_O	3pnw_C
3pnw_O	3pnw_F
3pnw_O	3pnw_I
3pnw_O	3pnw_L
3pnw_O	3pnw_X
3q1s_I	3q1s_I
3q3g_G	3q3g_G
3q3g_G	3qa3_G
3q3g_G	3qa3_E
3q3g_G	3qa3_I
3r1g_B	3r1g_B
3r1g_B	3zkm_A
3ru8_X	3ru8_X
3rvv_A	3rvv_A
3rvv_A	3rvw_A
3rvv_A	5vcn_A
3rvv_A	5vpl_A
3s35_X	3s35_X
3s35_X	3s37_X
3skj_E	3skj_E
3skj_E	3skj_F
3sob_B	3sob_B
3t2n_A	3t2n_A
3t2n_A	3t2n_B
3tje_F	3tje_F
3tje_F	3thm_F
3u30_A	3u30_A
3u30_A	3dvg_X
3u30_A	3dvg_Y
3u30_A	3u30_D
3u30_A	7keo_C
3u30_A	7keo_D
3u30_A	7keo_G
3u4e_J	3u4e_J
3u4e_J	1qkz_A
3u4e_J	3u2s_G
3u4e_J	3u2s_C
3u4e_J	3u4e_G
3u4e_J	4dqo_C
3u4e_J	6u8c_A
3u4e_J	6u8c_B
3u4e_J	6w00_G
3u4e_J	1uwx_B
3u4e_J	6o41_M
3u4e_J	6o41_O
3u4e_J	6oc7_C
3u4e_J	6uuh_E
3u4e_J	4ywg_G
3u4e_J	4ywg_Q
3u4e_J	6wit_C
3u4e_J	6xsn_C
3u4e_J	6was_G
3u4e_J	6was_J
3u4e_J	6wit_I
3u9p_C	3u9p_C
3u9p_C	3u9p_D
3uc0_B	3uc0_B
3uc0_B	3uc0_A
3v6o_B	3v6o_B
3v6o_B	3v6o_A
3vg9_A	3vg9_A
3vi3_C	3vi3_C
3vi3_C	3vi4_C
3vi4_D	3vi4_D
3vi4_D	3vi3_B
3vi4_D	3vi3_D
3vi4_D	3vi4_B
3vi4_D	7ceb_B
3w9e_C	3w9e_C
2h32_B	2h32_B
2h9g_R	2h9g_R
2h9g_R	2h9g_S
2h9g_R	3x3f_A
2hmi_B	2hmi_B
2hmi_B	1hys_B
2hmi_B	1n6q_B
2hmi_B	3klh_B
2hmi_B	6vug_B
2j88_A	2j88_A
2jel_P	2jel_P
2nr6_A	2nr6_A
2nr6_A	3liz_A
2oz4_A	2oz4_A
2q8a_A	2q8a_A
2q8a_A	2q8b_A
2qqk_A	2qqk_A
2qqk_A	2qqn_A
2r56_A	2r56_A
2uzi_R	2uzi_R
2vxq_A	2vxq_A
2wuc_A	2wuc_A
2wuc_A	2r0l_A
2wuc_A	2wub_A
2wuc_A	2wub_C
2wuc_A	3k2u_A
2xqb_A	2xqb_A
2xqy_A	2xqy_A
2xra_A	2xra_A
2xra_A	3ma9_A
2xra_A	2cmr_A
2xra_A	3mac_A
2xra_A	4kht_A
2xtj_C	2xtj_C
2xtj_E	2xtj_E
2xtj_E	1cl7_I
2xwt_C	2xwt_C
2xwt_C	3g04_C
2ybr_I	2ybr_I
2ybr_I	2ybr_C
2zch_P	2zch_P
3b9k_B	3b9k_B
3bn9_B	3bn9_B
3bn9_B	3so3_A
3d85_C	3d85_C
3ehb_B	3ehb_B
3ehb_B	1ar1_B
3gbn_A	3gbn_A
3gbn_A	3lzf_A
3gbn_A	4f15_A
3gbn_A	4f15_D
3gbn_A	4f15_G
3gbn_A	4f15_J
3gbn_A	4lvh_A
3gbn_A	4lvh_D
3gbn_A	4m5z_A
3gbn_A	6urm_F
3gbn_A	6urm_C
3gbn_A	6uyn_A
3gbn_A	6xq0_D
3gbn_A	6xq0_A
3gbn_A	3gbm_A
3gbn_A	3gbm_C
3gbn_A	4xnm_C
3gbn_A	4xnm_D
3gbn_A	4xnq_D
3gbn_A	4xnq_C
3gbn_A	4xrc_D
3gbn_A	4xrc_C
3gbn_A	5a3i_A
3gbn_A	5dur_C
3gbn_A	5dur_A
3gbn_A	6a0z_A
3gbn_A	6a67_B
3gbn_A	6a67_A
3gbn_A	6e3h_A
3gbn_A	6iut_A
3gbn_A	6iuv_A
3gbn_A	6iuv_B
3gbn_A	6p3r_E
3gbn_A	6p3r_L
3gbn_A	4hlz_A
3gbn_A	5gjs_A
3gbn_A	5w6g_A
3gbn_A	4hkx_E
3gbn_A	4yk4_E
3gbn_A	5ugy_A
3gbn_A	5w0d_A
3gbn_A	6ml8_A
3gbn_A	6oc3_E
3gbn_A	6q0e_A
3gbn_A	6q0h_A
3gbn_A	6q0i_A
3gbn_A	6q0l_A
3gbn_A	6q0o_A
3gbn_A	6whk_A
3gi9_C	3gi9_C
3gi9_C	3gi8_C
1w72_B	1w72_B
1w72_B	5whk_B
3grw_A	3grw_A
3grw_A	4wv1_F
3grw_A	6j6y_A
3grw_A	6j6y_D
3hi6_A	3hi6_A
3hi6_A	3eoa_I
3hmx_A	3hmx_A
5kw9_A	5kw9_A
5l0q_A	5l0q_A
5l0q_A	5l0q_D
5lcv_A	5lcv_A
5lcv_A	5kvd_E
5lcv_A	5kvf_E
5lcv_A	5kvg_E
5lcv_A	5vig_Z
5lcv_A	6dfi_E
5lcv_A	6jep_E
5lcv_A	6plk_E
5lcv_A	6ute_S
5lcv_A	1ztx_E
5lcv_A	4uta_A
5lcv_A	5gzn_E
5lcv_A	5gzn_G
5lcv_A	5lbs_A
5lcv_A	5lbs_B
5lcv_A	5lcv_B
5lcv_A	5gzn_A
5lcv_A	5gzn_B
5lcv_A	5gzo_A
5lcv_A	5jhl_A
5lcv_A	7bq5_A
5lcv_A	3i50_E
5lcv_A	4uta_B
5lcv_A	3uzv_A
5lcv_A	4bz2_A
5lcv_A	4bz1_A
5lcv_A	3uyp_B
5lcv_A	5aam_C
5lcv_A	5aam_J
5lcv_A	6dfj_E
5lcv_A	4al8_C
5lcv_A	4ffy_A
5lcv_A	4l5f_E
5lcv_A	3uzq_B
5lcv_A	5vic_E
5lcv_A	3uze_C
5lcv_A	3uze_D
5lcv_A	6flb_G
5lcv_A	2r29_A
5lcv_A	6fla_G
5lcv_A	6fla_I
5lcv_A	6flc_I
5lcv_A	4ala_C
5ldn_A	5ldn_A
5ldn_A	5ogi_A
5lsp_A	5lsp_A
5mhr_B	5mhr_B
5mhr_B	5mhr_A
5mhr_B	5mhr_C
5mo9_X	5mo9_X
5nh3_B	5nh3_B
5nh3_B	5nh3_A
5nh3_B	5ngv_A
5nmv_K	5nmv_K
5nmv_K	4dtg_K
5nuz_C	5nuz_C
5nuz_C	5en2_C
5o1r_A	5o1r_A
5o1r_A	5o1r_B
5occ_A	5occ_A
5otj_D	5otj_D
5th9_A	5th9_A
5th9_A	5th9_C
5tih_A	5tih_A
5tl5_A	5tl5_A
5tl5_A	5tlk_X
5tq0_A	5tq0_A
5tq0_A	5tpw_A
5tq0_A	5b3j_A
5tq0_A	5b3j_B
5tq0_B	5tq0_B
5tq0_B	5tpw_B
5tq0_B	5b3j_C
5tq0_B	5b3j_D
5tud_A	5tud_A
5tud_A	5tud_D
5tud_A	6cbv_B
5tzu_C	5tzu_C
5tzu_C	5tz2_C
5tzu_C	5tzt_C
5tzu_C	5tzt_D
5tzu_C	5iwl_C
5ush_X	5ush_X
5ush_X	4etq_X
5ush_X	4etq_C
5ush_X	5ush_A
5ush_X	5usl_X
5ush_X	5usl_A
5ush_X	6b9j_X
5utz_A	5utz_A
5utz_A	5lqb_A
5utz_A	5utz_D
5utz_A	5utz_E
5utz_A	5utz_I
5utz_A	6ye3_C
5utz_A	6ye3_F
5utz_A	6ye3_I
5utz_A	7dr4_G
5utz_A	7dr4_I
5utz_A	7dr4_J
5utz_A	7dr4_K
5utz_A	4yqx_M
5utz_A	4yqx_A
5utz_A	4yue_C
5veb_Y	5veb_Y
5veb_Y	5veb_X
5vkd_A	5vkd_A
5vkd_A	5w2b_A
6jjp_F	6jjp_F
6jjp_F	5b8c_C
6jjp_F	5b8c_I
6jjp_F	5ggs_Y
6jjp_F	5ggs_Z
6jjp_F	5jxe_A
6jjp_F	6j14_G
6jjp_F	6jjp_C
6jjp_F	6xkr_P
6jjp_F	7e9b_C
6jjp_F	5jxe_B
6jjp_F	5wt9_G
6jjp_F	6j15_D
6jjp_F	6hig_B
6jjp_F	6jbt_F
6jjp_F	7cu5_E
6jjp_F	6k0y_C
6jjp_F	6j15_C
6k65_A	6k65_A
6k65_A	1dee_G
6k65_A	1dee_H
6k65_A	4hjg_H
6k65_A	4ioi_H
6k65_A	3qwo_C
6ks0_A	6ks0_A
6ks0_A	5lwy_A
6ks0_A	5lxg_A
6ks0_A	6ks1_A
6ks0_A	5lx9_A
6ks0_A	5lxa_A
6ktr_C	6ktr_C
6kyz_A	6kyz_A
6kyz_A	6kyz_D
6kyz_A	6kz0_A
6kyz_A	6kz0_G
6kyz_A	6kz0_J
6lgw_F	6lgw_F
6lgw_F	6lgw_E
6lgw_F	6tou_G
6lxi_A	6lxi_A
6lxi_A	4qnp_A
6lyn_C	6lyn_C
6lyn_C	6lyn_D
6lz9_B	6lz9_B
6m3b_A	6m3b_A
6m58_A	6m58_A
6m58_A	6m58_B
6mei_C	6mei_C
6mei_C	4mwf_C
6mei_C	4mwf_D
6mei_C	6meh_C
6mei_C	6urh_C
6mei_C	6uyd_F
6mei_C	6uym_E
6mei_C	6uyd_E
6mei_C	6uym_F
6mei_C	6wo5_E
6mei_C	6wo5_F
6mei_C	7jtg_E
6mei_C	7mww_E
6mei_C	4web_E
6mei_C	6mej_C
6mei_C	6bkc_E
6mei_C	6uyf_E
6mei_C	6wo4_E
6mei_C	6bkb_E
6mei_C	6wo3_E
6mi2_C	6mi2_C
6mi2_C	6a3w_C
6mi2_C	6a3w_F
6mi2_C	6a3w_I
6mi2_C	6a3w_L
6mi2_C	6mhr_F
6mi2_C	6mhr_C
6mi2_C	6mi2_F
6mlk_A	6mlk_A
6mtj_B	6mtj_B
6mtj_B	6ck9_B
6mtj_B	6mtn_B
6mtj_B	6mu6_B
6mtj_B	6muf_B
6mtj_B	6mug_B
6mtj_B	6nm6_B
6mtj_B	6nnf_B
6mtj_B	6nnj_B
6mtj_B	6vzi_B
6mtj_B	6w03_B
6mtj_B	6wix_B
6mto_T	6mto_T
6mto_T	4m62_S
6mto_T	4m8q_C
6mto_T	4m8q_S
6mto_T	5sy8_O
6mto_T	5t29_O
6mto_T	5t5b_O
6mto_T	5t5b_E
6mto_T	5t6l_G
6mto_T	5t6l_I
6mto_T	5t80_G
6mto_T	5t85_G
6mto_T	5tfw_O
6mto_T	6mtq_T
6mu6_G	6mu6_G
6mu6_G	6mtj_G
6mu6_G	1g9n_G
6mu6_G	1yyl_G
6mu6_G	1yym_P
6mu6_G	2i5y_G
6mu6_G	2i5y_P
6mu6_G	2ny6_A
6mu6_G	3hi1_G
6mu6_G	4dvr_G
6mu6_G	4j6r_G
6mu6_G	4lss_G
6mu6_G	4lsv_G
6mu6_G	4lst_G
6mu6_G	4rwy_A
6mu6_G	4xmp_G
6mu6_G	4xny_G
6mu6_G	4ydj_G
6mu6_G	4ydj_I
6mu6_G	4ye4_G
6mu6_G	5kjr_G
6mu6_G	5te4_G
6mu6_G	6mtn_G
6mu6_G	6mug_G
6mu6_G	6muf_G
6mu6_G	6nnf_G
6mu6_G	6nm6_G
6mu6_G	6nnj_G
6mu6_G	6w03_G
6mu6_G	6wix_G
6mu6_G	6xcj_G
6mu6_G	7jkt_G
6mu6_G	4xvs_G
6mu6_G	3jwd_A
6mu6_G	1g9m_G
6mu6_G	1gc1_G
6mu6_G	2nxy_A
6mu6_G	2nxz_A
6mu6_G	2ny0_A
6mu6_G	2ny1_A
6mu6_G	2ny2_A
6mu6_G	2ny3_A
6mu6_G	2ny4_A
6mu6_G	2ny5_G
6mu6_G	2ny7_G
6mu6_G	3idx_G
6mu6_G	3jwd_B
6mu6_G	5te7_G
6mu6_G	6bf4_G
6mu6_G	5ukr_G
6mu6_G	5w4l_G
6mu6_G	3se9_G
6mu6_G	4h8w_G
6mu6_G	4jpv_G
6mu6_G	4lsq_G
6mu6_G	4om1_G
6mu6_G	5f9w_A
6mu6_G	5f9w_G
6mu6_G	5uem_G
6mu6_G	5w4l_A
6mu6_G	6mg7_G
6mu6_G	5fcu_G
6mu6_G	6ck9_G
6mu6_G	3ngb_G
6mu6_G	4lsr_G
6mu6_G	4ydl_A
6mu6_G	3ngb_A
6mu6_G	3ngb_I
6mu6_G	3ngb_D
6mu6_G	4jpw_G
6mu6_G	4olu_G
6mu6_G	4xvt_G
6mu6_G	4ydk_G
6mu6_G	5f96_G
6mu6_G	5f9o_G
6mu6_G	6bck_G
6mu6_G	6oz2_G
6mu6_G	3se8_G
6mu6_G	3u7y_G
6mu6_G	4p9h_G
6mu6_G	5wb9_G
6mu6_G	6mfp_G
6mu6_G	4lsu_G
6mu6_G	6bf4_A
6mu6_G	5i9q_A
6mu6_G	6mft_G
6mu6_G	5i9q_G
6mu6_G	6vzi_G
6mu6_G	4i3r_G
6mu6_G	4i3s_G
6mvl_A	6mvl_A
6nyq_C	6nyq_C
6o1f_I	6o1f_I
6o3b_C	6o3b_C
6o3b_C	6o3a_E
6o3b_C	6o3b_H
6o3b_C	6o39_C
6ogx_G	6ogx_G
6ogx_G	6okm_R
6oor_A	6oor_A
6otc_A	6otc_A
6oy4_A	6oy4_A
6p67_G	6p67_G
6p67_G	6p50_C
6p67_G	6p67_I
6p67_G	6p67_K
5d72_B	5d72_B
5d72_B	5c7x_A
5d72_B	5c7x_B
5d72_B	5d70_A
5d72_B	5d71_A
5d72_B	5d72_A
5d72_B	6bfq_G
5d72_B	6bfq_J
5d72_B	6bfq_I
5d72_B	6bfq_K
5d72_B	6bfs_C
5d8j_A	5d8j_A
5d8j_A	5c0n_A
5d93_A	5d93_A
5d93_A	4ij3_A
5d93_A	5d96_A
5d93_A	6hf1_A
5d93_A	5d93_D
5d93_A	5d96_D
5dhv_M	5dhv_M
5dhv_M	5dhv_N
5dhv_M	6cf2_F
5e8d_A	5e8d_A
5e8e_H	5e8e_H
5e94_G	5e94_G
5e94_G	5e94_H
5eu7_B	5eu7_B
5eu7_B	5eu7_A
5fb8_C	5fb8_C
5fhx_A	5fhx_A
5ggv_Y	5ggv_Y
5ggv_Y	6rp8_C
5ggv_Y	6rp8_c
5ggv_Y	5tru_c
5ggv_Y	5tru_C
5ggv_Y	7elx_c
5h35_C	5h35_C
5hbt_B	5hbt_B
5hbt_B	5hbv_B
5ikc_N	5ikc_N
5ikc_N	5ikc_M
5j13_A	5j13_A
5jq6_A	5jq6_A
5k59_B	5k59_B
5k59_B	5k59_A
5k9k_F	5k9k_F
5k9k_F	1eo8_A
5k9k_F	1qfu_A
5k9k_F	3sdy_A
5k9k_F	3sdy_B
5k9k_F	4fp8_A
5k9k_F	4fp8_C
5k9k_F	4fp8_D
5k9k_F	4gms_A
5k9k_F	4o58_A
5k9k_F	4r8w_B
5k9k_F	5k9k_I
5k9k_F	5k9q_A
5k9k_F	5k9q_B
5k9k_F	5k9q_C
5k9k_F	5k9q_D
5k9k_F	5k9q_E
5k9k_F	5k9q_F
5k9k_F	5k9q_N
5k9k_F	5k9q_P
5k9k_F	5k9q_Q
5k9k_F	5k9q_R
5k9k_F	5kan_B
5k9k_F	5kan_D
5k9k_F	5kan_F
5k9k_F	5umn_B
5k9k_F	5w08_A
5k9k_F	5w08_B
5k9k_F	5w08_D
5k9k_F	5y2l_A
5k9k_F	5y2l_B
5k9k_F	6e4x_B
5k9k_F	6e56_D
5k9k_F	6e56_A
5k9k_F	6n5d_A
5k9k_F	6n5e_C
5k9k_F	6nz7_B
5k9k_F	6nz7_F
5k9k_F	6xpx_A
5k9k_F	3gbm_B
5k9k_F	3gbm_D
5k9k_F	3gbn_B
5k9k_F	4fqi_B
5k9k_F	4hlz_B
5k9k_F	4hlz_D
5k9k_F	4hlz_F
5k9k_F	4py8_B
5k9k_F	5a3i_F
5k9k_F	5gjs_B
5k9k_F	6e3h_B
5k9k_F	6uyn_B
5kn5_C	5kn5_C
3wih_A	3wih_A
4aei_A	4aei_A
4ag4_A	4ag4_A
4cad_I	4cad_I
4cad_I	4cad_C
4cad_I	4cad_F
4cad_I	4cad_L
4cni_C	4cni_C
4cni_C	4o9h_A
4cni_C	4zs7_A
4d3c_A	4d3c_A
4d9q_A	4d9q_A
4d9q_A	4d9r_A
4dkf_A	4dkf_A
4dkf_A	4dke_A
4dkf_A	4dke_B
4dkf_A	4dkf_B
4dw2_U	4dw2_U
4edw_V	4edw_V
4edw_V	4edx_W
4edw_V	4edx_V
4f2m_E	4f2m_E
4f37_A	4f37_A
4f3f_C	4f3f_C
4ffv_B	4ffv_B
4ffv_B	4ffv_A
4ffv_B	5vta_A
4ffv_B	5vta_B
4fqj_A	4fqj_A
4fqj_A	7kqg_A
4g7v_S	4g7v_S
4g7v_S	4g7y_S
4hc1_A	4hc1_A
4hc1_A	4hcr_A
4hjj_A	4hjj_A
4hjj_A	2vxt_I
4ht1_T	4ht1_T
4hwb_A	4hwb_A
4i2x_E	4i2x_E
4i2x_E	4i2x_F
4i2x_E	6bit_H
4i2x_E	6bit_G
4i2x_E	6nmr_S
4i2x_E	6nmr_E
4i2x_E	6nmr_I
4i2x_E	6nms_S
4i2x_E	6nms_C
4i2x_E	6nmt_C
4i2x_E	6nmu_S
4i2x_E	6nmv_S
4i2x_E	7kpg_S
4irz_A	4irz_A
4j4p_B	4j4p_B
4j4p_B	4j4p_A
4j4p_B	5anm_E
4j4p_B	5anm_G
4j4p_B	5hys_G
4j4p_B	5hys_I
4j4p_B	5anm_F
4jpk_A	4jpk_A
4jpk_A	5ies_C
4jpk_A	5if0_G
4jr9_A	4jr9_A
4jr9_A	4jre_A
4jr9_A	4jre_D
7s13_C	7s13_C
7s13_C	7s13_D
4nik_A	4nik_A
5f72_K	5f72_K
6crk_A	6crk_A
6crk_B	6crk_B
6crk_G	6crk_G
6cvk_D	6cvk_D
6cvk_D	6cvk_C
6g8r_B	6g8r_B
6i07_D	6i07_D
6i07_D	6i07_C
6j71_A	6j71_A
6j71_A	5o4g_C
6j71_A	6bgt_C
6j71_A	3h3b_A
6j71_A	3h3b_B
6j71_A	3be1_A
6j71_A	1n8z_C
6oan_A	6oan_A
6oan_A	6oan_C
6pcu_A	6pcu_A
6pcu_A	6pcu_D
6y6c_A	6y6c_A
7jtr_A	7jtr_A
7jtr_A	5bjz_B
7jtr_A	5bjz_A
7jtr_A	5bk1_A
7jtr_A	5gru_A
7jtr_A	3pgf_A
7jum_A	7jum_A
7jum_A	6ohg_A
7jum_A	7jum_B
7jum_A	7jum_C
7k93_C	7k93_C
7k93_C	4oii_A
7k93_C	7bsc_A
7k93_C	7bsd_G
7k93_C	7k93_A
7k93_C	7k93_B
7k93_C	7k93_D
7rk1_A	7rk1_A
7rk1_A	7rk1_B
7rk1_A	7rk2_A
7rk1_A	7rk2_B
5vqm_A	5vqm_A
5vyf_F	5vyf_F
5vyf_F	5vyf_C
5w5x_A	5w5x_A
5w5x_A	5w5z_A
5wi9_A	5wi9_A
5wk3_C	5wk3_C
5wk3_C	5wk3_A
5wk3_C	5wk3_B
5wk3_C	5wk3_D
5x0t_E	5x0t_E
5x2n_C	5x2n_C
5x2n_C	5x2m_C
5x2n_C	5x2n_A
5x2n_C	5x2o_A
5x2n_C	5x2o_C
5x2n_C	5x2q_A
5x2n_C	5x2q_C
5x2n_C	5x2m_A
5x2q_D	5x2q_D
5xez_A	5xez_A
5xez_A	4ers_A
5xez_A	4lf3_C
5xez_A	4lf3_F
5xez_A	5xez_B
5xj4_A	5xj4_A
5xj4_A	5ggt_A
5xj4_A	5x8m_A
5xj4_A	7c88_M
5xj4_A	5xxy_A
5y11_C	5y11_C
5y9j_A	5y9j_A
5y9j_A	6fxn_A
5yoy_A	5yoy_A
5yoy_A	4g3y_C
5yoy_A	5yoy_J
5yoy_A	7kpb_A
5yoy_A	5wux_E
5yoy_A	5wux_F
5yoy_A	7kpb_C
6a77_A	6a77_A
6a77_A	6a78_A
6al5_A	6al5_A
6apb_C	6apb_C
6b0s_C	6b0s_C
6ba5_M	6ba5_M
6ba5_M	6ba5_O
6ba5_M	6osh_K
6c9u_A	6c9u_A
6cmg_A	6cmg_A
6cmg_A	6vy4_A
6cmg_A	6vy4_B
6cmg_A	6vy6_A
6cw2_D	6cw2_D
6cw2_D	6cw3_F
6cw2_D	6cw3_H
6cw3_E	6cw3_E
6cw3_E	6cw2_C
6cw3_E	6cw3_G
6cyf_A	6cyf_A
6cyf_A	6cyf_B
6cyf_A	6cyf_Q
6ddr_C	6ddr_C
6ddr_C	6ddm_C
6ddr_C	6ddv_C
6dkj_D	6dkj_D
6dkj_D	4hj0_A
6dkj_D	4hj0_B
6dkj_D	6dkj_C
6dkj_D	6o9h_D
6dkj_D	6o9i_C
6e62_P	6e62_P
6e62_P	6e63_A
6e62_P	6e63_P
6elu_A	6elu_A
6elu_A	6elu_J
6elu_A	6elu_D
6elu_A	6elu_G
6ewb_C	6ewb_C
6ewb_C	6ewb_A
6ewb_C	6ewb_B
6ewb_C	6ewb_D
6ewb_C	6n81_A
6ewb_C	7jie_A
6fgb_A	6fgb_A
6fgb_A	5whk_A
6fgb_A	6nha_A
6gku_A	6gku_A
6gku_A	6glw_A
6gku_A	6glw_B
6h3t_B	6h3t_B
6h3t_B	6h3t_A
6hga_B	6hga_B
6hx4_A	6hx4_A
6hx4_A	6hx4_B
6hxw_A	6hxw_A
6hxw_A	6vc9_A
6i8s_A	6i8s_A
6iap_A	6iap_A
6iek_A	6iek_A
6iek_A	6i9i_C
6iek_A	6iea_A
6iek_A	6i9i_D
6iek_A	6ieb_B
6iek_A	6ieb_A
6ion_A	6ion_A
6ivz_A	6ivz_A
6ivz_A	6iw2_J
6ivz_A	6iw2_D
6ivz_A	6iw2_A
6j5d_A	6j5d_A
6j5d_A	6j5f_A
6j5d_A	7lse_E
6j5d_A	7lsf_E
6j5d_A	7lsg_C
6j5d_A	7kyl_E
4jzj_D	4jzj_D
4jzj_D	4jzj_C
4k2u_B	4k2u_B
4k2u_B	4k2u_A
4k3j_B	4k3j_B
4k94_C	4k94_C
4k94_C	4k9e_C
4kuc_A	4kuc_A
4kxz_A	4kxz_A
4kxz_A	4kv5_C
4kxz_A	7rco_A
4kxz_A	6xm2_J
4kxz_A	6xm2_K
4kxz_A	6xm2_L
4leo_C	4leo_C
4leo_C	7d85_A
4liq_E	4liq_E
4lmq_F	4lmq_F
4lmq_F	4lmq_D
4lu5_A	4lu5_A
4lu5_A	4lqf_A
4lu5_A	4lu5_B
4lu5_A	4m1g_A
4lu5_A	4m1g_B
4lvn_A	4lvn_A
4lvn_A	4lvo_A
4ma7_A	4ma7_A
4ma7_A	1tpx_A
4ma7_A	1tqb_A
4ma7_A	1tqc_A
4ma7_A	2w9e_A
4ma7_A	4dgi_A
4ma7_A	4h88_A
4ma7_A	4ma8_C
4ma7_A	4yx2_A
4ma7_A	4yxh_A
4ma7_A	4yxk_A
4ma7_A	4yxl_A
4ma7_A	6aq7_A
4ma7_A	6suz_A
4ma7_A	6sv2_A
4nnp_B	4nnp_B
4nnp_B	4nnp_A
4nnp_B	5hdq_A
4np4_A	4np4_A
4nzr_M	4nzr_M
4nzr_M	4nzt_M
4ogy_A	4ogy_A
4ogy_A	4ogx_A
4ogy_A	6aod_C
4ogy_A	6r8x_A
4ogy_A	6hhc_A
4okv_F	4okv_F
4okv_F	4okv_E
4ot1_A	4ot1_A
4plj_A	4plj_A
4plj_A	3rkd_A
4plj_A	3rkd_B
4plj_A	4plj_B
4qci_D	4qci_D
4qci_D	4qci_C
4qhu_C	4qhu_C
4qhu_C	2vxs_A
4qhu_C	2vxs_D
4qhu_C	4qhu_D
4qhu_C	5hhv_A
4qhu_C	5hhx_A
4qhu_C	5n7w_Y
4qhu_C	6wir_C
4qhu_C	5n7w_X
4qhu_C	5hi3_B
4qhu_C	5hi4_A
4qhu_C	5hi4_B
4qhu_C	5hi5_A
4qhu_C	5hi5_B
4qhu_C	6ppg_G
4qhu_C	6ppg_F
4qhu_C	6wio_C
4qhu_C	2vxs_B
4qhu_C	5hi3_A
4qti_U	4qti_U
4qti_U	2fd6_U
4qti_U	3bt2_U
4qww_A	4qww_A
4r8w_A	4r8w_A
4r8w_A	5vag_A
4r8w_A	5xku_A
4rdq_A	4rdq_A
4rgo_S	4rgo_S
4rgo_S	4rgm_S
4rgo_S	4rgm_A
4rgo_S	4rgn_A
4rgo_S	4rgn_S
4rrp_P	4rrp_P
4rrp_P	4rrp_M
4rrp_P	4rrp_N
4rrp_P	4rrp_O
4rrp_P	4rrp_Q
4rrp_P	5ucb_B
4rrp_P	6ayz_M
4rrp_P	6ayz_A
4rrp_P	6az2_B
4rrp_P	6az2_D
4rrp_P	4rrp_R
4rrp_P	5eii_G
4rrp_P	5eii_I
4rrp_P	5uea_D
4u0r_A	4u0r_A
4u0r_A	5mi0_A
4u6v_A	4u6v_A
7dha_A	7dha_A
7dha_A	4cmh_A
7dha_A	7duo_B
7dm1_B	7dm1_B
7joo_C	7joo_C
7ket_C	7ket_C
7ket_C	2ypv_A
7ket_C	5o14_B
7ket_C	5t5f_A
7ket_C	6xzw_D
7ket_C	7lcv_C
7ket_C	5o14_A
7ket_C	6h2y_D
7kq7_B	7kq7_B
7kyo_B	7kyo_B
7l0n_F	7l0n_F
7lfa_C	7lfa_C
7lfa_C	7lf7_K
7lfa_C	7lf7_M
7lfa_C	7lf8_A
7lfa_C	7lfa_A
7lfa_C	7lfb_X
7ly3_A	7ly3_A
7ly3_A	7ly3_B
7ly3_A	7e7x_A
7ly3_A	7e7x_B
7m3i_C	7m3i_C
7m3i_C	3bgf_S
7m3i_C	6xc3_C
7m3i_C	6xc4_A
7m3i_C	6xc4_Z
7m3i_C	6xkq_A
7m3i_C	6yla_E
7m3i_C	6z2m_A
7m3i_C	6zcz_E
7m3i_C	7b3o_E
7m3i_C	7bei_E
7m3i_C	7bem_E
7m3i_C	7ben_E
7m3i_C	7ben_C
7m3i_C	7bep_E
7m3i_C	7bwj_E
7m3i_C	7bz5_A
7m3i_C	7cdi_E
7m3i_C	7ch5_R
7m3i_C	7chb_R
7m3i_C	7chp_E
7m3i_C	7chs_E
7m3i_C	7cm4_A
7m3i_C	7djz_C
7m3i_C	7e3o_R
7m3i_C	7e5o_A
7m3i_C	7e8m_E
7m3i_C	7eam_A
7m3i_C	7jmo_A
7m3i_C	7jmp_A
7m3i_C	7jmw_A
7m3i_C	7jx3_R
7m3i_C	7klh_A
7m3i_C	7kmg_F
7m3i_C	7kmh_C
7m3i_C	7kmi_C
7m3i_C	7kn3_B
7m3i_C	7kn6_A
7m3i_C	7kn7_A
7m3i_C	7kzb_C
7m3i_C	7l0n_R
7m3i_C	7l0n_S
7m3i_C	7l7d_E
7m3i_C	7mmo_F
7m3i_C	7mzf_A
7m3i_C	7mzh_E
7m3i_C	7mzh_A
7m3i_C	7mzk_B
7m3i_C	7n3i_C
7m3i_C	7n4i_C
7m3i_C	7n4j_A
7m3i_C	7neg_E
7m3i_C	7neh_E
7m3i_C	7nx7_E
7m3i_C	7nx8_E
7m3i_C	7nx9_E
7m3i_C	7nxa_E
7m3i_C	7nxb_E
7m3i_C	7ora_R
7m3i_C	7orb_R
7m3i_C	7orb_X
7m3i_C	7r6x_R
7m3i_C	7rks_R
7m3i_C	7rks_S
7m3i_C	7s0b_F
7m3i_C	2ghw_A
7m3i_C	2ghw_C
7m3i_C	7deo_B
7m3i_C	7det_A
7m3i_C	2dd8_S
7m3i_C	3bgf_A
7m3i_C	7lm9_A
7m3i_C	6xe1_E
7m3i_C	6z2m_E
7m3i_C	6yla_A
7m3i_C	7mzg_A
7m3i_C	7e86_C
7m3i_C	7jn5_F
7m3i_C	7kn4_B
7n3c_C	7n3c_C
7n3c_C	7cr5_A
7n3c_C	7n3d_C
7o52_U	7o52_U
7o9s_A	7o9s_A
7rah_E	7rah_E
4uu9_D	4uu9_D
4uu9_D	4uu9_C
4uuj_C	4uuj_C
4uuj_C	1k4c_C
4uuj_C	1s5h_C
4uuj_C	1zwi_C
4uuj_C	2atk_C
4uuj_C	2h8p_C
4uuj_C	2ih1_C
4uuj_C	2ih3_C
4uuj_C	2nlj_C
4uuj_C	2p7t_C
4uuj_C	2w0f_C
4uuj_C	3fb5_C
4uuj_C	3or6_C
4uuj_C	3or7_C
4uuj_C	3stl_C
4uuj_C	3stz_C
4uuj_C	4lbe_C
4uuj_C	4lcu_C
4uuj_C	4msw_C
4uuj_C	5ebl_C
4uuj_C	5ebm_C
4uuj_C	5ebw_C
4uuj_C	5ec1_C
4uuj_C	5ec2_C
4uuj_C	5j9p_C
4uuj_C	5vk6_C
4uuj_C	5vke_C
4uuj_C	5vkh_C
4uuj_C	6by2_C
4uuj_C	6by3_C
4uuj_C	6nfu_C
4uuj_C	6nfv_C
4wfe_B	4wfe_B
4wfe_B	4i9w_A
4wfe_B	4i9w_B
4wfe_B	6pis_A
4wfe_B	6pis_B
4wfe_B	7lj4_A
4wfe_B	7lj4_B
4wfe_B	7lj5_A
4wfe_B	7lj5_B
4wfe_B	7ljb_A
4wfe_B	7ljb_B
4xak_A	4xak_A
4xak_A	4zpt_R
4xak_A	5do2_A
4xak_A	5gmq_A
4xak_A	5yy5_A
4xak_A	6c6z_A
4xak_A	6c6z_B
4xak_A	7coe_D
4xp9_C	4xp9_C
4xp9_C	4m48_A
4xp9_C	4xnx_A
4xp9_C	4xp1_A
4xp9_C	4xp4_A
4xp9_C	4xph_A
4xp9_C	6m0z_A
4xp9_C	6m2r_A
4xtr_B	4xtr_B
4xtr_B	4xtr_A
4xtr_B	4xvu_A
4xtr_B	4xvu_B
4xtr_B	4xvu_H
4xtr_B	4xvu_G
4xtr_B	4xwo_A
4xtr_B	4xwo_B
4xtr_B	4xwo_G
4xtr_B	4xwo_H
4xtr_B	4xwo_M
4xtr_B	4xwo_N
4xtr_B	4xwo_S
4xtr_B	4xwo_T
4y5v_C	4y5v_C
4y5v_C	4y5y_F
4y5v_C	4y5v_F
4y5v_C	4y5v_I
4y5v_C	4y5y_C
4ypg_D	4ypg_D
4ypg_D	4ypg_C
4ypg_D	4z5r_D
4ypg_D	4z5r_H
4ypg_D	4z5r_I
4ypg_D	4z5r_X
4ypg_D	4z5r_F
4ypg_D	4z5r_G
4ypg_D	4z5r_N
4ypg_D	3ux9_A
4ypg_D	3ux9_C
4zff_D	4zff_D
4zff_D	1bj1_V
4zff_D	1tzi_V
4zff_D	2fjg_V
4zff_D	4zff_C
4zff_D	6bft_G
4zff_D	6bft_C
4zfg_A	4zfg_A
4zso_E	4zso_E
4zso_E	4zso_F
5b71_E	5b71_E
5b71_E	5b71_F
5bo1_A	5bo1_A
5bv7_A	5bv7_A
5bv7_A	4xwg_A
5cbe_F	5cbe_F
5cbe_F	5cba_E
5cbe_F	5cba_F
5cbe_F	5cbe_E
6wmw_B	6wmw_B
6wtu_A	6wtu_A
6wtu_A	6bpa_A
6wtu_A	6bpa_D
6wtu_A	6bpc_A
6wtu_A	6bpc_D
6wtu_A	6wm9_A
6wtu_A	6wm9_D
6wtu_A	6woz_G
6wtu_A	6wtu_J
6wtu_A	6wtu_D
6wzk_E	6wzk_E
6wzk_E	5ob5_A
6wzk_E	6wzj_E
6wzk_E	6wzj_F
6wzk_E	6wzl_E
6wzk_E	6wzl_F
6wzm_F	6wzm_F
6wzm_F	6wzm_E
6xlq_A	6xlq_A
6xp6_B	6xp6_B
6xp6_B	6xp6_E
6xp6_D	6xp6_D
6xp6_D	6xp6_A
6xsw_X	6xsw_X
6xsw_X	5czx_A
6xsw_X	6xsw_F
6xsw_X	6xsw_C
6xsw_X	6xsw_J
6xsw_X	3l95_X
6xsw_X	3l95_Y
6xxv_C	6xxv_C
6xxv_C	6xxv_F
6xxv_C	4jlr_C
6xxv_C	4jlr_S
6yio_B	6yio_B
6yio_B	3iu3_I
6yio_B	3iu3_J
6yio_B	3iu3_K
6yio_B	3nfp_K
6yio_B	3nfp_I
6ywc_C	6ywc_C
6z2l_A	6z2l_A
6ztr_I	6ztr_I
6ztr_I	6ztr_J
6ztr_I	5jyl_A
6ztr_I	5jyl_C
6ztr_I	5jym_A
6ztr_I	6cxy_C
6ztr_I	6vel_C
7ahu_C	7ahu_C
7ahu_D	7ahu_D
7ahu_D	7ahu_F
7c61_A	7c61_A
7ce2_A	7ce2_A
7chz_I	7chz_I
7chz_I	4g6j_A
7chz_I	4g6m_A
7chz_I	5bvp_I
7chz_I	5mvz_U
7chz_I	5mvz_V
7chz_I	7chy_I
7cj2_A	7cj2_A
7cqc_A	7cqc_A
7cqc_A	3wkm_A
7cqc_A	3wkm_B
7cqc_A	6icc_A
7cqc_A	6al0_A
7daa_A	7daa_A
7dc8_C	7dc8_C
7dc8_C	7dc8_F
7dfa_A	7dfa_A
7dfa_A	4jqi_A
7dfa_A	7dfc_A
